<linker>
	<assembly fullname="UnityEngine">
		<type fullname="UnityEngine.Object" preserve="nothing"/>
		<type fullname="UnityEditor.MonoScript" preserve="nothing"/>
		<type fullname="UnityEngine.Material" preserve="nothing"/>
		<type fullname="UnityEngine.Texture" preserve="nothing"/>
		<type fullname="UnityEngine.Texture2D" preserve="nothing"/>
		<type fullname="UnityEngine.Sprite" preserve="nothing"/>
		<type fullname="UnityEditor.UnityConnectSettings" preserve="nothing"/>
		<type fullname="UnityEditor.VFXManager" preserve="nothing"/>
		<type fullname="UnityEngine.Shader" preserve="nothing"/>
		<type fullname="UnityEngine.TextAsset" preserve="nothing"/>
		<type fullname="UnityEditor.TagManager" preserve="nothing"/>
		<type fullname="UnityEditor.MonoManager" preserve="nothing"/>
		<type fullname="UnityEngine.Rendering.GraphicsSettings" preserve="nothing"/>
		<type fullname="UnityEditor.PlayerSettings" preserve="nothing"/>
		<type fullname="UnityEditor.TimeManager" preserve="nothing"/>
		<type fullname="UnityEditor.InputManager" preserve="nothing"/>
		<type fullname="UnityEditor.PhysicsManager" preserve="nothing"/>
		<type fullname="UnityEditor.AudioManager" preserve="nothing"/>
		<type fullname="UnityEditor.Physics2DSettings" preserve="nothing"/>
		<type fullname="UnityEngine.QualitySettings" preserve="nothing"/>
		<type fullname="UnityEngine.Camera" preserve="nothing"/>
		<type fullname="UnityEngine.Transform" preserve="nothing"/>
		<type fullname="UnityEngine.Renderer" preserve="nothing"/>
		<type fullname="UnityEngine.Light" preserve="nothing"/>
		<type fullname="UnityEngine.MeshFilter" preserve="nothing"/>
		<type fullname="UnityEngine.SkinnedMeshRenderer" preserve="nothing"/>
		<type fullname="UnityEngine.MeshRenderer" preserve="nothing"/>
		<type fullname="UnityEngine.SpriteRenderer" preserve="nothing"/>
		<type fullname="UnityEngine.AudioSource" preserve="nothing"/>
		<type fullname="UnityEngine.AudioBehaviour" preserve="nothing"/>
		<type fullname="UnityEngine.AudioListener" preserve="nothing"/>
		<type fullname="UnityEngine.ParticleSystem" preserve="nothing"/>
		<type fullname="UnityEngine.ParticleSystemRenderer" preserve="nothing"/>
		<type fullname="UnityEngine.Rigidbody" preserve="nothing"/>
		<type fullname="UnityEngine.Collider" preserve="nothing"/>
		<type fullname="UnityEngine.CharacterController" preserve="nothing"/>
		<type fullname="UnityEngine.CapsuleCollider" preserve="nothing"/>
		<type fullname="UnityEngine.BoxCollider" preserve="nothing"/>
		<type fullname="UnityEngine.SphereCollider" preserve="nothing"/>
		<type fullname="UnityEngine.Rigidbody2D" preserve="nothing"/>
		<type fullname="UnityEngine.Collider2D" preserve="nothing"/>
		<type fullname="UnityEngine.BoxCollider2D" preserve="nothing"/>
		<type fullname="UnityEngine.Canvas" preserve="nothing"/>
		<type fullname="UnityEngine.RectTransform" preserve="nothing"/>
		<type fullname="UnityEngine.Behaviour" preserve="nothing"/>
		<type fullname="UnityEngine.GameObject" preserve="nothing"/>
		<type fullname="UnityEngine.Component" preserve="nothing"/>
		<type fullname="UnityEngine.AnimationClip" preserve="nothing"/>
		<type fullname="UnityEngine.MonoBehaviour" preserve="nothing"/>
		<type fullname="UnityEngine.Animator" preserve="nothing"/>
		<type fullname="UnityEditor.Animations.AnimatorController" preserve="nothing"/>
		<type fullname="UnityEngine.Motion" preserve="nothing"/>
		<type fullname="UnityEngine.RuntimeAnimatorController" preserve="nothing"/>
		<type fullname="UnityEngine.Avatar" preserve="nothing"/>
		<type fullname="UnityEngine.LightmapSettings" preserve="nothing"/>
		<type fullname="UnityEngine.Font" preserve="nothing"/>
		<type fullname="UnityEngine.Mesh" preserve="nothing"/>
		<type fullname="UnityEngine.CanvasRenderer" preserve="nothing"/>
		<type fullname="UnityEngine.CanvasGroup" preserve="nothing"/>
		<type fullname="UnityEngine.LightingSettings" preserve="nothing"/>
		<type fullname="UnityEngine.LightProbes" preserve="nothing"/>
		<type fullname="UnityEngine.Cubemap" preserve="nothing"/>
		<type fullname="UnityEngine.RenderSettings" preserve="nothing"/>
		<type fullname="UnityEngine.AudioClip" preserve="nothing"/>
		<type fullname="UnityEngine.Grid" preserve="nothing"/>
		<type fullname="UnityEngine.GridLayout" preserve="nothing"/>
		<type fullname="UnityEngine.Tilemaps.Tilemap" preserve="nothing"/>
		<type fullname="UnityEngine.Tilemaps.TilemapRenderer" preserve="nothing"/>
		<type fullname="UnityEngine.Tilemaps.TilemapCollider2D" preserve="nothing"/>
	</assembly>
	<assembly fullname="Assembly-CSharp">
		<type fullname="DialogueManager" preserve="nothing"/>
		<type fullname="DialogueTrigger" preserve="nothing"/>
		<type fullname="EnemiScript2" preserve="nothing"/>
		<type fullname="FPSDisplay" preserve="nothing"/>
		<type fullname="Menu" preserve="nothing"/>
		<type fullname="Nivel1" preserve="nothing"/>
		<type fullname="PixelCreator" preserve="nothing"/>
		<type fullname="Romlok" preserve="nothing"/>
		<type fullname="Spawner" preserve="nothing"/>
		<type fullname="VERSION" preserve="nothing"/>
		<type fullname="Volume" preserve="nothing"/>
		<type fullname="bloquer" preserve="nothing"/>
		<type fullname="buttondownup" preserve="nothing"/>
		<type fullname="buttondownvolume" preserve="nothing"/>
		<type fullname="buttonsound" preserve="nothing"/>
		<type fullname="cambiaraeasteregg" preserve="nothing"/>
		<type fullname="changecolor" preserve="nothing"/>
		<type fullname="coinscript" preserve="nothing"/>
		<type fullname="escalado" preserve="nothing"/>
		<type fullname="gameover" preserve="nothing"/>
		<type fullname="generador" preserve="nothing"/>
		<type fullname="generadorxcode" preserve="nothing"/>
		<type fullname="iniciateEasterEgg" preserve="nothing"/>
		<type fullname="misionero" preserve="nothing"/>
		<type fullname="movem" preserve="nothing"/>
		<type fullname="musicclasicscript" preserve="nothing"/>
		<type fullname="objetivo" preserve="nothing"/>
		<type fullname="ponertimer" preserve="nothing"/>
		<type fullname="prefabsskins" preserve="nothing"/>
		<type fullname="restart" preserve="nothing"/>
		<type fullname="secondenemyscript" preserve="nothing"/>
	</assembly>
	<assembly fullname="PhotonUnityNetworking.Demos">
		<type fullname="Photon.Pun.Demo.Asteroids.Asteroid" preserve="nothing"/>
		<type fullname="Photon.Pun.Demo.Asteroids.Bullet" preserve="nothing"/>
		<type fullname="Photon.Pun.Demo.Asteroids.Spaceship" preserve="nothing"/>
		<type fullname="Photon.Pun.Demo.PunBasics.CameraWork" preserve="nothing"/>
		<type fullname="Photon.Pun.Demo.PunBasics.PlayerAnimatorManager" preserve="nothing"/>
		<type fullname="Photon.Pun.Demo.PunBasics.PlayerManager" preserve="nothing"/>
		<type fullname="Photon.Pun.Demo.PunBasics.PlayerUI" preserve="nothing"/>
		<type fullname="Photon.Pun.Demo.SlotRacer.PlayerControl" preserve="nothing"/>
		<type fullname="Photon.Pun.Demo.SlotRacer.Utils.SplineWalker" preserve="nothing"/>
	</assembly>
	<assembly fullname="PhotonUnityNetworking">
		<type fullname="Photon.Pun.PhotonAnimatorView" preserve="nothing"/>
		<type fullname="Photon.Pun.PhotonRigidbodyView" preserve="nothing"/>
		<type fullname="Photon.Pun.PhotonTransformView" preserve="nothing"/>
		<type fullname="Photon.Pun.PhotonView" preserve="nothing"/>
		<type fullname="Photon.Pun.ServerSettings" preserve="nothing"/>
	</assembly>
	<assembly fullname="Unity.InputSystem">
		<type fullname="UnityEngine.InputSystem.InputSettings" preserve="nothing"/>
		<type fullname="UnityEngine.InputSystem.InputSystemObject" preserve="nothing"/>
		<type fullname="UnityEngine.InputSystem.RemoteInputPlayerConnection" preserve="nothing"/>
	</assembly>
	<assembly fullname="Unity.TextMeshPro">
		<type fullname="TMPro.TMP_ColorGradient" preserve="nothing"/>
		<type fullname="TMPro.TMP_FontAsset" preserve="nothing"/>
		<type fullname="TMPro.TMP_InputField" preserve="nothing"/>
		<type fullname="TMPro.TMP_Settings" preserve="nothing"/>
		<type fullname="TMPro.TMP_SpriteAsset" preserve="nothing"/>
		<type fullname="TMPro.TMP_StyleSheet" preserve="nothing"/>
		<type fullname="TMPro.TextMeshProUGUI" preserve="nothing"/>
	</assembly>
	<assembly fullname="UnityEngine.UI">
		<type fullname="UnityEngine.EventSystems.EventSystem" preserve="nothing"/>
		<type fullname="UnityEngine.EventSystems.EventTrigger" preserve="nothing"/>
		<type fullname="UnityEngine.EventSystems.StandaloneInputModule" preserve="nothing"/>
		<type fullname="UnityEngine.UI.Button" preserve="nothing"/>
		<type fullname="UnityEngine.UI.CanvasScaler" preserve="nothing"/>
		<type fullname="UnityEngine.UI.GraphicRaycaster" preserve="nothing"/>
		<type fullname="UnityEngine.UI.Image" preserve="nothing"/>
		<type fullname="UnityEngine.UI.InputField" preserve="nothing"/>
		<type fullname="UnityEngine.UI.RectMask2D" preserve="nothing"/>
		<type fullname="UnityEngine.UI.Shadow" preserve="nothing"/>
		<type fullname="UnityEngine.UI.Slider" preserve="nothing"/>
		<type fullname="UnityEngine.UI.Text" preserve="nothing"/>
		<type fullname="UnityEngine.UI.Toggle" preserve="nothing"/>
	</assembly>
</linker>
